Date,Change in cases,Recent cases,Recent cases % of cases,Total cases,"Total cases  per 100,000",Total hospitalized,Total hospitalized % of cases,Total deaths,Total deaths % of cases,New tests,Daily % positive,Total tests,"Total tests  tests per 100,000",At least one dose,At least one dose % of Ontario population,Completed primary series,Completed primary series % of Ontario population
"November 1, 2020",948,11869,15.3,77655,527,6040,7.8,3152,4.1,27908,4.0,5144369,527,-,-,-,-
"November 2, 2020",1050,12237,15.5,78705,534.2,6070,7.7,3166,4,25279,4,5169648,534.2,-,-,-,-
"November 3, 2020",987,12493,15.7,79692,540.9,6126,7.7,3182,4,28567,3.7,5198215,540.9,-,-,-,-
"November 4, 2020",998,12732,15.8,80690,547.6,6159,7.6,3195,4,35754,3.3,5233969,547.6,-,-,-,-
"November 5, 2020",1003,12945,15.8,81693,554.5,6201,7.6,3209,3.9,41268,3.7,5275237,554.5,-,-,-,-
"November 6, 2020",1132,13063,15.8,82825,562.1,6229,7.5,3220,3.9,39165,3.5,5314402,562.1,-,-,-,-
"November 7, 2020",1328,13106,15.6,84153,571.1,6266,7.4,3223,3.8,37577,4.2,5351979,571.1,-,-,-,-
"November 8, 2020",1242,13356,15.6,85395,579.6,6304,7.4,3245,3.8,28401,5,5380380,579.6,-,-,-,-
"November 9, 2020",1388,13666,15.7,86783,589,6335,7.3,3260,3.8,29125,5.7,5409505,589,-,-,-,-
"November 10, 2020",1426,13951,15.8,88209,598.7,6365,7.2,3275,3.7,36707,5.1,5446212,598.7,-,-,-,-
"November 11, 2020",1575,14393,16,89784,609.4,6434,7.2,3293,3.7,39559,4.3,5485771,609.4,-,-,-,-
"November 12, 2020",1396,14928,16.4,91180,618.8,6466,7.1,3312,3.6,40509,4.5,5526280,618.8,-,-,-,-
"November 13, 2020",1581,15644,16.9,92761,629.6,-,-,3332,3.6,44837,4.2,5571117,629.6,-,-,-,-
"November 14, 2020",1248,16193,17.2,94009,638,6561,7,3361,3.6,42206,3.8,5613323,638,-,-,-,-
"November 15, 2020",1487,16886,17.7,95496,648.1,6619,6.9,3371,3.5,33351,4.1,5646674,648.1,-,-,-,-
"November 16, 2020",1249,17238,17.8,96745,656.6,6669,6.9,3383,3.5,26468,6.1,5673142,656.6,-,-,-,-
"November 17, 2020",1417,17755,18.1,98162,666.2,6741,6.9,3415,3.5,33440,4.5,5706582,666.2,-,-,-,-
"November 18, 2020",1210,17934,18,99372,674.4,6803,6.8,3443,3.5,41838,4.1,5748420,674.4,-,-,-,-
"November 19, 2020",1418,18349,18.2,100790,684.1,6847,6.8,3451,3.4,48173,3.6,5796593,684.1,-,-,-,-
"November 20, 2020",1588,18703,18.3,102378,694.8,6891,6.7,3472,3.4,46671,4.3,5843264,694.8,-,-,-,-
"November 21, 2020",1534,19303,18.6,103912,705.3,6942,6.7,3486,3.4,46389,3.8,5889653,705.3,-,-,-,-
"November 22, 2020",1589,19476,18.5,105501,716,6984,6.6,3505,3.3,37471,4.6,5927124,716,-,-,-,-
"November 23, 2020",1009,19768,18.6,106510,722.9,7011,6.6,3519,3.3,27053,5.8,5954177,722.9,-,-,-,-
"November 24, 2020",1373,19969,18.5,107883,732.2,7062,6.5,3554,3.3,36076,4.7,5990253,732.2,-,-,-,-
"November 25, 2020",1478,20100,18.4,109361,742.2,7145,6.5,3575,3.3,47576,3.9,6037829,742.2,-,-,-,-
"November 26, 2020",1855,20184,18.1,111216,754.8,7214,6.5,3595,3.2,58037,3.7,6095866,754.8,-,-,-,-
"November 27, 2020",1822,19971,17.7,113038,767.2,7287,6.4,3624,3.2,55086,3.4,6150952,767.2,-,-,-,-
"November 28, 2020",1708,20046,17.5,114746,778.8,7393,6.4,3648,3.2,53959,3.7,6204911,778.8,-,-,-,-
"November 29, 2020",1746,20238,17.4,116492,790.6,7438,6.4,3656,3.1,39406,4.6,6244317,790.6,-,-,-,-
"November 30, 2020",1707,20379,17.2,118199,802.2,-,-,3663,3.1,34640,5.1,6278957,802.2,-,-,-,-
"December 1, 2020",1723,20785,17.3,119922,813.9,5874,4.9,3698,3.1,44226,4.7,6323183,813.9,-,-,-,-
"December 2, 2020",1824,21212,17.4,121746,826.3,7601,6.2,3712,3,52873,4.4,6376056,826.3,-,-,-,-
"December 3, 2020",1780,21447,17.4,123526,838.4,7675,6.2,3737,3,56001,3.6,6432057,838.4,-,-,-,-
"December 4, 2020",1859,22031,17.6,125385,851,7745,6.2,3757,3,59399,3.4,6491456,851,-,-,-,-
"December 5, 2020",1924,22291,17.5,127309,864,7792,6.1,3772,3,59251,3.9,6550707,864,-,-,-,-
"December 6, 2020",1925,22747,17.6,129234,877.1,7858,6.1,3798,2.9,45283,4.0,6595990,877.1,-,-,-,-
"December 7, 2020",1676,22924,17.5,130910,888.5,7910,6,3808,2.9,39198,5.0,6635188,888.5,-,-,-,-
"December 8, 2020",1890,23536,17.7,132800,901.3,7984,6,3836,2.9,48546,4.4,6683734,901.3,-,-,-,-
"December 9, 2020",1983,24005,17.8,134783,914.8,-,-,3871,2.9,61809,3.6,6745543,914.8,-,-,-,-
"December 10, 2020",1848,24433,17.9,136631,927.3,8187,6,3916,2.9,63051,3.2,6808594,927.3,-,-,-,-
"December 11, 2020",1873,24844,17.9,138504,940,8246,6,3933,2.8,65260,3.2,6873854,940,-,-,-,-
"December 12, 2020",1677,25255,18,140181,951.4,8323,5.9,3949,2.8,58190,3.2,6932044,951.4,-,-,-,-
"December 13, 2020",1940,25263,17.8,142121,964.6,8378,5.9,3972,2.8,57091,4.6,6989135,964.6,-,-,-,-
"December 14, 2020",2275,25473,17.6,144396,980,8421,5.8,3992,2.8,39566,5.4,7028701,980,12,0,0,0
"December 15, 2020",2139,25715,17.5,146535,994.5,8494,5.8,4035,2.8,49189,5.1,7077890,994.5,467,0,0,0
"December 16, 2020",2432,26101,17.5,148967,1011,8585,5.8,4058,2.7,58178,4.0,7136068,1011,1181,0,0,0
"December 17, 2020",2290,26640,17.6,151257,1026.6,8665,5.7,4098,2.7,68246,3.9,7204314,1026.6,2210,0,0,0
"December 18, 2020",2357,27056,17.6,153614,1042.6,8751,5.7,4125,2.7,67207,4.2,7271521,1042.6,3293,0,0,0
"December 19, 2020",2316,27625,17.7,155930,1058.3,8805,5.6,4150,2.7,69412,3.6,7340933,1058.3,3340,0,0,0
"December 20, 2020",2123,28088,17.8,158053,1072.7,8867,5.6,4167,2.6,54505,4.7,7395438,1072.7,3398,0,1,0
"December 21, 2020",2202,28583,17.8,160255,1087.7,8914,5.6,4188,2.6,45265,5.0,7440703,1087.7,4204,0,1,0
"December 22, 2020",2408,28772,17.7,162663,1104,9006,5.5,4229,2.6,56660,4.8,7497363,1104,6595,0,1,0
"December 23, 2020",2447,29364,17.8,165110,1120.6,9120,5.5,4278,2.6,64592,3.7,7561955,1120.6,10298,0.1,1,0
"December 24, 2020",2159,29701,17.8,167269,1135.3,9189,5.5,4321,2.6,61465,3.4,7623420,1135.3,12202,0.1,1,0
"December 25, 2020",2142,30403,17.9,169411,1149.8,9309,5.5,4359,2.6,49511,3.8,7672931,1149.8,12217,0.1,1,0
"December 26, 2020",2005,30687,17.9,171416,1163.4,9365,5.5,4377,2.6,41783,5.1,7714714,1163.4,12282,0.1,1,0
"December 27, 2020",1939,30763,17.7,173355,1176.6,9455,5.5,4414,2.5,39565,8.6,7754279,1176.6,12514,0.1,1,0
"December 28, 2020",2553,30990,17.6,175908,1193.9,5685,3.2,4455,2.5,34112,9.7,7788391,1193.9,14911,0.1,1,0
"December 29, 2020",2923,31126,17.4,178831,1213.7,9600,5.4,4474,2.5,39210,8.4,7827601,1213.7,19685,0.1,3,0
"December 30, 2020",3328,31292,17.2,182159,1236.3,9707,5.3,4530,2.5,63858,6.0,7891459,1236.3,25364,0.2,3,0
"December 31, 2020",2476,31806,17.2,184635,1253.1,9795,5.3,4581,2.5,70570,5.3,7962029,1253.1,31473,0.2,3,0
"January 1, 2021",3363,32779,17.4,187998,1275.9,9921,5.3,4625,2.5,61401,6.0,8023430,1275.9,36027,0.2,3,0
"January 2, 2021",2964,33246,17.4,190962,1296.1,10021,5.2,4650,2.4,49803,5.6,8073233,1296.1,41235,0.3,5,0
"January 3, 2021",3270,34305,17.7,194232,1318.3,10091,5.2,4679,2.4,39121,9.7,8112354,1318.3,47101,0.3,5,0
"January 4, 2021",3128,35226,17.8,197360,1339.5,10182,5.2,4730,2.4,35152,9.4,8147506,1339.5,56547,0.4,20,0
"January 5, 2021",3266,35852,17.9,200626,1361.7,10308,5.1,4767,2.4,51045,8.5,8198551,1361.7,68468,0.5,462,0
"January 6, 2021",3519,36866,18.1,204145,1385.5,10452,5.1,4856,2.4,65772,6.1,8264323,1385.5,83166,0.6,1146,0
"January 7, 2021",4249,37935,18.2,208394,1414.4,10615,5.1,4882,2.3,71481,6.2,8335804,1414.4,99633,0.7,2132,0
"January 8, 2021",3443,38737,18.3,211837,1437.7,10755,5.1,4922,2.3,72900,5.3,8408704,1437.7,117273,0.8,3170,0
"January 9, 2021",3945,40308,18.7,215782,1464.5,10867,5,4983,2.3,62308,6.2,8471012,1464.5,128197,0.9,3202,0
"January 10, 2021",3338,42415,19.4,219120,1487.2,10969,5,5012,2.3,46403,7.7,8517415,1487.2,139378,0.9,3236,0
"January 11, 2021",2903,43959,19.8,222023,1506.9,11087,5,5053,2.3,44802,7.8,8562217,1506.9,152827,1,3512,0
"January 12, 2021",2961,45174,20.1,224984,1527,11196,5,5127,2.3,50931,6.0,8613148,1527,165798,1.1,5045,0
"January 13, 2021",3326,46167,20.2,228310,1549.5,11348,5,5189,2.3,71169,5.1,8684317,1549.5,181283,1.2,7425,0.1
"January 14, 2021",2998,46149,20,231308,1569.9,11524,5,5289,2.3,76472,4.6,8760789,1569.9,197995,1.3,9415,0.1
"January 15, 2021",3056,46020,19.6,234364,1590.6,11661,5,5340,2.3,73875,4.9,8834664,1590.6,212767,1.4,10571,0.1
"January 16, 2021",3422,46613,19.6,237786,1613.9,11806,5,5409,2.3,60183,5.2,8894847,1613.9,222000,1.5,11795,0.1
"January 17, 2021",2578,46191,19.2,240364,1631.4,11892,4.9,5433,2.3,40301,6.6,8935148,1631.4,228156,1.5,11855,0.1
"January 18, 2021",1913,46156,19.1,242277,1644.3,11970,4.9,5479,2.3,34531,6.8,8969679,1644.3,236756,1.6,13912,0.1
"January 19, 2021",2655,46013,18.8,244932,1662.4,12106,4.9,5568,2.3,54307,4.9,9023986,1662.4,243242,1.7,17439,0.1
"January 20, 2021",2632,44814,18.1,247564,1680.2,12231,4.9,5614,2.3,70256,4.3,9094242,1680.2,249312,1.7,21496,0.1
"January 21, 2021",2662,44116,17.6,250226,1698.3,12416,5,5701,2.3,71750,3.3,9165992,1698.3,252990,1.7,26154,0.2
"January 22, 2021",2359,43213,17.1,252585,1714.3,12588,5,5753,2.3,63453,4.5,9229445,1714.3,255500,1.7,30525,0.2
"January 23, 2021",2417,42256,16.6,255002,1730.7,12769,5,5803,2.3,48947,4.2,9278392,1730.7,257008,1.7,33053,0.2
"January 24, 2021",1958,40418,15.7,256960,1744,12848,5,5846,2.3,35968,5.5,9314360,1744,257907,1.8,37298,0.3
"January 25, 2021",1740,39095,15.1,258700,1755.8,12923,5,5909,2.3,30717,5.9,9345077,1755.8,260330,1.8,43758,0.3
"January 26, 2021",1670,37624,14.5,260370,1767.1,13073,5,5958,2.3,55191,4.0,9400268,1767.1,262748,1.8,50720,0.3
"January 27, 2021",2093,36370,13.9,262463,1781.3,13183,5,6014,2.3,64664,3.3,9464932,1781.3,267419,1.8,57969,0.4
"January 28, 2021",1837,35184,13.3,264300,1793.8,13291,5,6072,2.3,69040,3.3,9533972,1793.8,270112,1.8,65096,0.4
"January 29, 2021",2063,34028,12.8,266363,1807.8,13367,5,6145,2.3,59594,3.3,9593566,1807.8,272407,1.8,71425,0.5
"January 30, 2021",1848,32654,12.2,268211,1820.4,13499,5,6188,2.3,49352,3.7,9642918,1820.4,273702,1.9,72984,0.5
"January 31, 2021",1969,31668,11.7,270180,1833.7,13533,5,6224,2.3,30359,5.2,9673277,1833.7,274115,1.9,74390,0.5
"February 1, 2021",745,30245,11.2,270925,1838.8,13486,5,6238,2.3,28552,4.6,9701829,1838.8,275292,1.9,77001,0.5
"February 2, 2021",1172,29181,10.7,272097,1846.7,13581,5,6305,2.3,52418,3.3,9754247,1846.7,276820,1.9,80891,0.5
"February 3, 2021",1563,28523,10.4,273660,1857.3,13695,5,6393,2.3,64467,2.6,9818714,1857.3,278341,1.9,87160,0.6
"February 4, 2021",1670,27416,10,275330,1868.7,13786,5,6438,2.3,62710,2.5,9881424,1868.7,279653,1.9,93085,0.6
"February 5, 2021",1388,26422,9.5,276718,1878.1,13869,5,6483,2.3,62341,2.6,9943765,1878.1,281294,1.9,100639,0.7
"February 6, 2021",1489,25254,9.1,278207,1888.2,13966,5,6505,2.3,51658,2.8,9995423,1888.2,282697,1.9,105772,0.7
"February 7, 2021",1265,24275,8.7,279472,1896.8,14028,5,6538,2.3,28303,4.4,10023726,1896.8,285325,1.9,110272,0.7
"February 8, 2021",1022,23303,8.3,280494,1903.7,14080,5,6555,2.3,30798,3.3,10054524,1903.7,288641,2,120192,0.8
"February 9, 2021",1072,22597,8,281566,1911,14149,5,6596,2.3,52504,2.5,10107028,1911,292981,2,129906,0.9
"February 10, 2021",945,21692,7.7,282511,1917.4,14190,5,6614,2.3,68812,2.3,10175840,1917.4,296397,2,141427,1
"February 11, 2021",1076,21008,7.4,283587,1924.7,14228,5,6632,2.3,62012,2.2,10237852,1924.7,298235,2,155945,1.1
"February 12, 2021",1300,20271,7.1,284887,1933.5,14291,5,6651,2.3,58760,2.3,10296612,1933.5,300423,2,169002,1.1
"February 13, 2021",981,19656,6.9,285868,1940.2,14381,5,6693,2.3,48701,2.6,10345313,1940.2,301230,2,180495,1.2
"February 14, 2021",964,18885,6.6,286832,1946.7,14430,5,6706,2.3,30355,3.3,10375668,1946.7,301640,2,187598,1.3
"February 15, 2021",904,18165,6.3,287736,1952.9,14477,5,6719,2.3,27005,3.6,10402673,1952.9,302570,2.1,192244,1.3
"February 16, 2021",847,17511,6.1,288583,1958.6,14528,5,6729,2.3,33977,3.0,10436650,1958.6,304019,2.1,200469,1.4
"February 17, 2021",1038,17008,5.9,289621,1965.7,14600,5,6773,2.3,56165,2.2,10492815,1965.7,306784,2.1,210824,1.4
"February 18, 2021",1150,16608,5.7,290771,1973.5,14668,5,6820,2.3,65372,2.1,10558187,1973.5,312667,2.1,222669,1.5
"February 19, 2021",1228,16169,5.5,291999,1981.8,14744,5,6848,2.3,57194,2.2,10615381,1981.8,323469,2.2,233807,1.6
"February 20, 2021",1087,15773,5.4,293086,1989.2,14806,5.1,6861,2.3,48178,2.7,10663559,1989.2,333596,2.3,240453,1.6
"February 21, 2021",1058,15581,5.3,294144,1996.4,14851,5,6872,2.3,31163,3.3,10694722,1996.4,342103,2.3,245145,1.7
"February 22, 2021",975,15298,5.2,295119,2003,14894,5,6884,2.3,25979,4.2,10720701,2003,352923,2.4,251567,1.7
"February 23, 2021",1054,15213,5.1,296173,2010.1,14959,5.1,6893,2.3,54852,2.4,10775553,2010.1,366169,2.5,256183,1.7
"February 24, 2021",1138,15098,5.1,297311,2017.9,15008,5,6916,2.3,66351,2.0,10841904,2017.9,382268,2.6,260169,1.8
"February 25, 2021",1258,15029,5,298569,2026.4,15066,5,6944,2.3,64049,2.3,10905953,2026.4,403680,2.7,262943,1.8
"February 26, 2021",1185,15023,5,299754,2034.4,15135,5,6960,2.3,59416,2.1,10965369,2034.4,426873,2.9,266241,1.8
"February 27, 2021",1062,14905,5,300816,2041.6,15194,5.1,6980,2.3,49185,2.4,11014554,2041.6,445733,3,267514,1.8
"February 28, 2021",1023,14924,4.9,301839,2048.6,15231,5,6986,2.3,35015,3.1,11049569,2048.6,462536,3.1,268509,1.8
"March 1, 2021",966,14864,4.9,302805,2055.1,15287,5,6997,2.3,30767,2.9,11080336,2055.1,484377,3.3,270487,1.8
"March 2, 2021",958,14971,4.9,303763,2061.6,15324,5,7014,2.3,52613,2.4,11132949,2061.6,511738,3.5,272706,1.9
"March 3, 2021",994,15046,4.9,304757,2068.4,15371,5,7024,2.3,65643,2.1,11198592,2068.4,543318,3.7,274586,1.9
"March 4, 2021",1250,15100,4.9,306007,2076.9,15430,5,7046,2.3,64748,2.3,11263340,2076.9,580494,3.9,276164,1.9
"March 5, 2021",990,15256,5,306997,2083.6,15461,5,7052,2.3,57829,2.3,11321169,2083.6,621353,4.2,278126,1.9
"March 6, 2021",1299,15281,5,308296,2092.4,15530,5,7067,2.3,46586,3.1,11367755,2092.4,652088,4.4,279106,1.9
"March 7, 2021",1631,15309,4.9,309927,2103.5,15581,5,7077,2.3,38063,3.4,11405818,2103.5,673735,4.6,280745,1.9
"March 8, 2021",1185,15387,4.9,311112,2111.5,15625,5,7083,2.3,33264,3.7,11439082,2111.5,702502,4.8,283742,1.9
"March 9, 2021",1316,15521,5,312428,2120.5,15678,5,7099,2.3,54149,2.5,11493231,2120.5,735453,5,287535,2
"March 10, 2021",1092,15778,5,313520,2127.9,15747,5,7109,2.3,60619,2.4,11553850,2127.9,774818,5.3,290361,2
"March 11, 2021",1371,16026,5.1,314891,2137.2,15812,5,7127,2.3,64611,2.4,11618461,2137.2,819456,5.6,291864,2
"March 12, 2021",1468,16128,5.1,316359,2147.1,15860,5,7138,2.3,58431,2.9,11676892,2147.1,873031,5.9,294467,2
"March 13, 2021",1747,16280,5.1,318106,2159,15908,5,7153,2.2,47618,3.1,11724510,2159,914248,6.2,295532,2
"March 14, 2021",1268,16500,5.2,319374,2167.6,15971,5,7162,2.2,33975,3.8,11758485,2167.6,944730,6.4,297071,2
"March 15, 2021",1074,16994,5.3,320448,2174.9,16001,5,7173,2.2,28526,4.5,11787011,2174.9,995035,6.8,299166,2
"March 16, 2021",1508,17292,5.4,321956,2185.1,16060,5,7187,2.2,49128,3.5,11836139,2185.1,1052133,7.1,301412,2
"March 17, 2021",1553,17542,5.4,323509,2195.7,16125,5,7202,2.2,58560,3.1,11894699,2195.7,1109773,7.5,303669,2.1
"March 18, 2021",1745,17841,5.5,325254,2207.5,16183,5,7212,2.2,56134,3.3,11950833,2207.5,1169291,7.9,306703,2.1
"March 19, 2021",1829,18219,5.6,327083,2219.9,16236,5,7223,2.2,52083,3.6,12002916,2219.9,1227819,8.3,309066,2.1
"March 20, 2021",1791,18777,5.7,328874,2232.1,16310,5,7241,2.2,49233,3.7,12052149,2232.1,1269241,8.6,310441,2.1
"March 21, 2021",1699,19332,5.8,330573,2243.6,16352,4.9,7244,2.2,31089,5.4,12083238,2243.6,1298592,8.8,311327,2.1
"March 22, 2021",1546,19862,6,332119,2254.1,16409,4.9,7253,2.2,32556,5.7,12115794,2254.1,1349041,9.2,313865,2.1
"March 23, 2021",1571,20302,6.1,333690,2264.8,16467,4.9,7263,2.2,51962,3.8,12167756,2264.8,1420760,9.6,316771,2.1
"March 24, 2021",2380,20760,6.2,336070,2280.9,16541,4.9,7280,2.2,60077,3.8,12227833,2280.9,1499443,10.2,319113,2.2
"March 25, 2021",2169,21275,6.3,338239,2295.6,16616,4.9,7292,2.2,53436,3.8,12281269,2295.6,1581225,10.7,322373,2.2
"March 26, 2021",2453,21901,6.4,340692,2312.3,16681,4.9,7308,2.1,61005,4.5,12342274,2312.3,1657527,11.2,325020,2.2
"March 27, 2021",2448,22801,6.6,343140,2328.9,16770,4.9,7327,2.1,50227,4.5,12392501,2328.9,1721713,11.7,326430,2.2
"March 28, 2021",2094,23614,6.8,345234,2343.1,16827,4.9,7337,2.1,39470,6.1,12431971,2343.1,1769984,12,328936,2.2
"March 29, 2021",2336,24557,7.1,347570,2359,16911,4.9,7351,2.1,36071,6.2,12468042,2359,1838886,12.5,332074,2.3
"March 30, 2021",2333,25374,7.3,349903,2374.8,17005,4.9,7366,2.1,52532,4.8,12520574,2374.8,1926874,13.1,335435,2.3
"March 31, 2021",2557,26410,7.5,352460,2392.2,17095,4.9,7389,2.1,62290,4.8,12582864,2392.2,2010828,13.6,338996,2.3
"April 1, 2021",3089,27401,7.7,355549,2413.1,17187,4.8,7412,2.1,62333,4.6,12645197,2413.1,2098061,14.2,342904,2.3
"April 2, 2021",3009,28337,7.9,358558,2433.5,17285,4.8,7428,2.1,59117,5.0,12704314,2433.5,2156371,14.6,344440,2.3
"April 3, 2021",3041,29462,8.1,361599,2454.2,17367,4.8,7440,2.1,46380,6.5,12750694,2454.2,2225993,15.1,345934,2.3
"April 4, 2021",2938,30725,8.4,364537,2474.1,17473,4.8,7450,2,36563,7.8,12787257,2474.1,2278662,15.5,346321,2.4
"April 5, 2021",3065,31993,8.7,367602,2494.9,17568,4.8,7458,2,37541,8.9,12824798,2494.9,2355446,16,347987,2.4
"April 6, 2021",3215,33236,9,370817,2516.7,17665,4.8,7475,2,49889,6.7,12874687,2516.7,2459090,16.7,350769,2.4
"April 7, 2021",3295,34613,9.3,374112,2539.1,17799,4.8,7494,2,63846,6.0,12938533,2539.1,2567878,17.4,354442,2.4
"April 8, 2021",4227,35824,9.5,378339,2567.8,18000,4.8,7512,2,61410,6.3,12999943,2567.8,2672106,18.1,358364,2.4
"April 9, 2021",3813,37469,9.8,382152,2593.7,18161,4.8,7531,2,61439,6.5,13061382,2593.7,2776335,18.8,361875,2.5
"April 10, 2021",4456,39049,10.1,386608,2623.9,18426,4.8,7552,2,56378,7.7,13117760,2623.9,2870872,19.5,364878,2.5
"April 11, 2021",4401,40757,10.4,391009,2653.8,18553,4.7,7567,1.9,47929,9.5,13165689,2653.8,2945242,20,365857,2.5
"April 12, 2021",3670,42072,10.7,394679,2678.7,18677,4.7,7582,1.9,42167,10.3,13207856,2678.7,3040212,20.6,368921,2.5
"April 13, 2021",4156,44592,11.2,398835,2706.9,18868,4.7,7610,1.9,54211,8.6,13262067,2706.9,3152404,21.4,372210,2.5
"April 14, 2021",4736,46397,11.5,403571,2739,19164,4.7,7639,1.9,65559,8.0,13327626,2739,3260799,22.1,375760,2.6
"April 15, 2021",4812,48187,11.8,408383,2771.7,19367,4.7,7664,1.9,64304,8.2,13391930,2771.7,3373413,22.9,379512,2.6
"April 16, 2021",4362,50067,12.1,412745,2801.3,19541,4.7,7698,1.9,56852,6.9,13448782,2801.3,3480155,23.6,383540,2.6
"April 17, 2021",4250,52130,12.5,416995,2830.2,19836,4.8,7716,1.9,53776,9.2,13502558,2830.2,3565915,24.2,385381,2.6
"April 18, 2021",4447,53878,12.8,421442,2860.3,20039,4.8,7735,1.8,42873,10.5,13545431,2860.3,3632882,24.7,386679,2.6
"April 19, 2021",3469,54556,12.8,424911,2883.9,20198,4.8,7757,1.8,40596,10.0,13586027,2883.9,3730385,25.3,389433,2.6
"April 20, 2021",4212,56184,13.1,429123,2912.5,20440,4.8,7789,1.8,51877,7.9,13637904,2912.5,3867042,26.2,393034,2.7
"April 21, 2021",3682,57411,13.3,432805,2937.5,20696,4.8,7829,1.8,54246,7.8,13692150,2937.5,4001231,27.2,396479,2.7
"April 22, 2021",4505,58120,13.3,437310,2968,20917,4.8,7863,1.8,56206,8.8,13748356,2968,4131959,28,402061,2.7
"April 23, 2021",4094,58671,13.3,441404,2995.8,21195,4.8,7887,1.8,52160,7.8,13800516,2995.8,4257208,28.9,405478,2.8
"April 24, 2021",3947,58880,13.2,445351,3022.6,21388,4.8,7911,1.8,46694,8.7,13847210,3022.6,4355130,29.6,408278,2.8
"April 25, 2021",3510,59457,13.2,448861,3046.4,21561,4.8,7935,1.8,33822,10.9,13881032,3046.4,4423922,30,409641,2.8
"April 26, 2021",3265,59468,13.2,452126,3068.6,21732,4.8,7964,1.8,34000,10.2,13915032,3068.6,4518526,30.7,412053,2.8
"April 27, 2021",3480,58620,12.9,455606,3092.2,21929,4.8,7988,1.8,50194,7.2,13965226,3092.2,4633546,31.4,416002,2.8
"April 28, 2021",3871,58296,12.7,459477,3118.5,22131,4.8,8029,1.7,56939,7.6,14022165,3118.5,4751874,32.3,420536,2.9
"April 29, 2021",3887,57343,12.4,463364,3144.9,22381,4.8,8050,1.7,53074,7.4,14075239,3144.9,4861489,33,425020,2.9
"April 30, 2021",3369,56601,12.1,466733,3167.7,22598,4.8,8079,1.7,46803,7.3,14122042,3167.7,4968003,33.7,428134,2.9
"May 1, 2021",3732,55458,11.8,470465,3193.1,22793,4.8,8102,1.7,45301,8.5,14167343,3193.1,5043366,34.2,430673,2.9
"May 2, 2021",3436,54378,11.5,473901,3216.4,22919,4.8,8118,1.7,33179,9.7,14200522,3216.4,5097919,34.6,432049,2.9
"May 3, 2021",2791,53893,11.3,476692,3235.3,23069,4.8,8143,1.7,33740,9.1,14234262,3235.3,5185574,35.2,434894,3
"May 4, 2021",2941,52867,11,479633,3255.3,23205,4.8,8187,1.7,45767,6.6,14280029,3255.3,5317716,36.1,439063,3
"May 5, 2021",3424,51794,10.7,483057,3278.5,23397,4.8,8213,1.7,54118,6.8,14334147,3278.5,5453388,37,443312,3
"May 6, 2021",3166,50735,10.4,486223,3300,23571,4.8,8236,1.7,51338,7.0,14385485,3300,5597380,38,447573,3
"May 7, 2021",2864,49659,10.2,489087,3319.4,23760,4.9,8261,1.7,47817,6.8,14433302,3319.4,5734051,38.9,451485,3.1
"May 8, 2021",3216,48933,9.9,492303,3341.3,23914,4.9,8308,1.7,38540,7.1,14471842,3341.3,5854340,39.7,454593,3.1
"May 9, 2021",2716,47842,9.7,495019,3359.7,24038,4.9,8327,1.7,27175,9.1,14499017,3359.7,5949623,40.4,456239,3.1
"May 10, 2021",2073,46797,9.4,497092,3373.8,24155,4.9,8342,1.7,28109,8.5,14527126,3373.8,6057414,41.1,460256,3.1
"May 11, 2021",2320,45718,9.2,499412,3389.5,24294,4.9,8374,1.7,45681,6.4,14572807,3389.5,6194235,42,466589,3.2
"May 12, 2021",2759,44416,8.8,502171,3408.2,24486,4.9,8405,1.7,47638,5.7,14620445,3408.2,6328367,43,473231,3.2
"May 13, 2021",2362,43400,8.6,504533,3424.3,24625,4.9,8431,1.7,44040,6.1,14664485,3424.3,6465955,43.9,482672,3.3
"May 14, 2021",2584,42492,8.4,507117,3441.8,24743,4.9,8455,1.7,42320,6.2,14706805,3441.8,6614477,44.9,492063,3.3
"May 15, 2021",2199,41107,8.1,509316,3456.7,24892,4.9,8485,1.7,33142,6.8,14739947,3456.7,6749466,45.8,499826,3.4
"May 16, 2021",2170,39662,7.8,511486,3471.5,24943,4.9,8489,1.7,24498,7.9,14764445,3471.5,6859532,46.6,503585,3.4
"May 17, 2021",1616,38743,7.6,513102,3482.4,25075,4.9,8506,1.7,22915,7.6,14787360,3482.4,6958816,47.2,513895,3.5
"May 18, 2021",1588,37271,7.2,514690,3493.2,25199,4.9,8525,1.7,38422,5.2,14825782,3493.2,7091110,48.1,529678,3.6
"May 19, 2021",2400,36016,7,517090,3509.5,25334,4.9,8552,1.7,45406,5.2,14871188,3509.5,7221486,49,549032,3.7
"May 20, 2021",1890,35015,6.7,518980,3522.3,25453,4.9,8579,1.7,37126,5.4,14908314,3522.3,7361068,50,572772,3.9
"May 21, 2021",1794,34057,6.5,520774,3534.5,25564,4.9,8599,1.7,34576,6.0,14942890,3534.5,7531917,51.1,599236,4.1
"May 22, 2021",1691,32906,6.3,522465,3546,25963,5,8614,1.6,31227,5.7,14974117,3546,7658191,52,611178,4.1
"May 23, 2021",1446,31350,6,523911,3555.8,26066,5,8622,1.6,20151,6.4,14994268,3555.8,7750689,52.6,617792,4.2
"May 24, 2021",1039,30266,5.8,524950,3562.8,26127,5,8655,1.6,16857,6.2,15011125,3562.8,7832379,53.2,624779,4.2
"May 25, 2021",1095,29147,5.5,526045,3570.3,26241,5,8678,1.6,24008,5.3,15035133,3570.3,7944099,53.9,650876,4.4
"May 26, 2021",1135,28085,5.3,527180,3578,26366,5,8697,1.6,37705,3.6,15072838,3578,8065640,54.7,679203,4.6
"May 27, 2021",1273,27028,5.1,528453,3586.6,26434,5,8711,1.6,40866,3.4,15113704,3586.6,8196371,55.6,709981,4.8
"May 28, 2021",1057,25475,4.8,529510,3593.8,26493,5,8726,1.6,33559,3.6,15147263,3593.8,8312095,56.4,745558,5.1
"May 29, 2021",1033,24085,4.5,530543,3600.8,26559,5,8744,1.6,26565,4.2,15173828,3600.8,8429879,57.2,775725,5.3
"May 30, 2021",916,22944,4.3,531459,3607,26602,5,8757,1.6,18226,4.3,15192054,3607,8508840,57.7,794718,5.4
"May 31, 2021",699,21554,4.1,532158,3611.8,26629,5,8766,1.6,20262,3.6,15212316,3611.8,8597883,58.4,827482,5.6
"June 1, 2021",733,20411,3.8,532891,3616.7,26703,5,8791,1.6,31768,2.8,15244084,3616.7,8698563,59,869687,5.9
"June 2, 2021",870,19439,3.6,533761,3622.6,26765,5,8801,1.6,34277,2.8,15278361,3622.6,8796983,59.7,923938,6.3
"June 3, 2021",914,18491,3.5,534675,3628.8,26814,5,8820,1.6,32258,2.8,15310619,3628.8,8911106,60.5,988884,6.7
"June 4, 2021",744,17374,3.2,535419,3633.9,26858,5,8844,1.7,27819,3.1,15338438,3633.9,9013067,61.2,1056149,7.2
"June 5, 2021",663,16093,3,536082,3638.4,26907,5,8854,1.7,22635,2.8,15361073,3638.4,9103737,61.8,1126618,7.6
"June 6, 2021",525,15133,2.8,536607,3642,26931,5,8869,1.7,15177,3.6,15376250,3642,9165988,62.2,1182313,8
"June 7, 2021",469,13974,2.6,537076,3645.1,26967,5,8887,1.7,17579,2.7,15393829,3645.1,9237325,62.7,1270451,8.6
"June 8, 2021",411,12981,2.4,537487,3647.9,27029,5,8920,1.7,30456,2.0,15424285,3647.9,9306971,63.2,1379626,9.4
"June 9, 2021",590,12264,2.3,538077,3651.9,27074,5,8931,1.7,31423,2.0,15455708,3651.9,9372282,63.6,1497188,10.2
"June 10, 2021",574,11662,2.2,538651,3655.8,27106,5,8935,1.7,28949,2.0,15484657,3655.8,9438729,64.1,1632519,11.1
"June 11, 2021",502,11182,2.1,539153,3659.2,27151,5,8950,1.7,24099,2.1,15508756,3659.2,9500331,64.5,1767867,12
"June 12, 2021",530,10572,2,539683,3662.8,27190,5,8957,1.7,20731,2.6,15529487,3662.8,9558255,64.9,1897876,12.9
"June 13, 2021",447,9861,1.8,540130,3665.9,27212,5,8961,1.7,13588,2.8,15543075,3665.9,9596373,65.1,1995859,13.5
"June 14, 2021",296,9333,1.7,540426,3667.9,27266,5,8974,1.7,17162,2.3,15560237,3667.9,9638095,65.4,2140756,14.5
"June 15, 2021",384,8706,1.6,540810,3670.5,27299,5,8986,1.7,28076,1.5,15588313,3670.5,9679772,65.7,2302530,15.6
"June 16, 2021",370,8355,1.5,541180,3673,27327,5,8993,1.7,30454,1.3,15618767,3673,9716877,65.9,2473036,16.8
"June 17, 2021",345,8039,1.5,541525,3675.3,27364,5.1,8994,1.7,26643,1.4,15645410,3675.3,9751440,66.2,2652789,18
"June 18, 2021",355,7603,1.4,541880,3677.7,27407,5.1,9007,1.7,25368,1.4,15670778,3677.7,9786181,66.4,2831224,19.2
"June 19, 2021",318,7109,1.3,542198,3679.9,27433,5.1,9019,1.7,21063,1.7,15691841,3679.9,9821125,66.7,2980451,20.2
"June 20, 2021",270,6615,1.2,542468,3681.7,27460,5.1,9022,1.7,13828,2.5,15705669,3681.7,9841545,66.8,3078970,20.9
"June 21, 2021",296,6238,1.1,542764,3683.7,27575,5.1,9082,1.7,16784,1.6,15722453,3683.7,9868250,67,3254344,22.1
"June 22, 2021",255,5925,1.1,543019,3685.5,27614,5.1,9093,1.7,27364,1.2,15749817,3685.5,9896082,67.2,3454038,23.4
"June 23, 2021",296,5695,1,543315,3687.5,27645,5.1,9099,1.7,29514,1.1,15779331,3687.5,9921991,67.3,3652789,24.8
"June 24, 2021",256,5469,1,543571,3689.2,27643,5.1,9101,1.7,26561,1.3,15805892,3689.2,9949195,67.5,3873638,26.3
"June 25, 2021",346,5226,1,543917,3691.6,27701,5.1,9114,1.7,25626,1.1,15831518,3691.6,9978464,67.7,4102766,27.8
"June 26, 2021",287,4925,0.9,544204,3693.5,27729,5.1,9126,1.7,18524,1.5,15850042,3693.5,10005645,67.9,4278274,29
"June 27, 2021",210,4714,0.9,544414,3694.9,27752,5.1,9129,1.7,13071,1.8,15863113,3694.9,10026296,68,4455328,30.2
"June 28, 2021",299,4511,0.8,544713,3697,27855,5.1,9154,1.7,28306,1.6,15891419,3697,10050171,68.2,4678915,31.8
"June 29, 2021",184,4317,0.8,544897,3698.2,27879,5.1,9168,1.7,27258,1.0,15918677,3698.2,10073748,68.4,4928143,33.4
"June 30, 2021",284,4173,0.8,545181,3700.2,27896,5.1,9187,1.7,26929,0.9,15945606,3700.2,10098409,68.5,5172588,35.1
"July 1, 2021",200,4004,0.7,545381,3701.5,27925,5.1,9196,1.7,25161,0.9,15970767,3701.5,10109333,68.6,5304502,36
"July 2, 2021",209,3874,0.7,545590,3702.9,27943,5.1,9205,1.7,17080,1.0,15987847,3702.9,10128577,68.7,5499951,37.3
"July 3, 2021",213,3743,0.7,545803,3704.4,27962,5.1,9214,1.7,18989,1.3,16006836,3704.4,10147274,68.9,5675268,38.5
"July 4, 2021",170,3579,0.7,545973,3705.5,27976,5.1,9215,1.7,12949,1.3,16019785,3705.5,10159396,69,5810838,39.4
"July 5, 2021",244,3454,0.6,546217,3707.2,28004,5.1,9224,1.7,15806,0.9,16035591,3707.2,10178689,69.1,6009357,40.8
"July 6, 2021",194,3372,0.6,546411,3708.5,28023,5.1,9224,1.7,26976,0.9,16062567,3708.5,10201055,69.2,6231418,42.3
"July 7, 2021",210,3263,0.6,546621,3709.9,28044,5.1,9228,1.7,25857,0.8,16088424,3709.9,10221690,69.4,6439609,43.7
"July 8, 2021",183,3189,0.6,546804,3711.2,28053,5.1,9237,1.7,26101,0.7,16114525,3711.2,10242612,69.5,6643613,45.1
"July 9, 2021",179,3141,0.6,546983,3712.4,28079,5.1,9245,1.7,23695,0.6,16138220,3712.4,10262559,69.7,6830771,46.4
"July 10, 2021",166,3070,0.6,547149,3713.5,-,-,9251,1.7,19651,0.9,16157871,3713.5,10279704,69.8,6983759,47.4
"July 11, 2021",114,2935,0.5,547263,3714.3,28097,5.1,9251,1.7,15933,0.9,16173804,3714.3,10290873,69.8,7094787,48.2
"July 12, 2021",146,2794,0.5,547409,3715.3,28109,5.1,9258,1.7,17489,0.8,16191293,3715.3,10309234,70,7252669,49.2
"July 13, 2021",153,2697,0.5,547562,3716.3,28119,5.1,9265,1.7,29085,0.6,16220378,3716.3,10327939,70.1,7411974,50.3
"July 14, 2021",143,2615,0.5,547705,3717.3,28139,5.1,9275,1.7,31329,0.5,16251707,3717.3,10346909,70.2,7558090,51.3
"July 15, 2021",159,2550,0.5,547864,3718.4,28152,5.1,9285,1.7,28126,0.6,16279833,3718.4,10366209,70.4,7706063,52.3
"July 16, 2021",176,2463,0.4,548040,3719.6,28163,5.1,9288,1.7,21392,0.60,16301225,3719.6,10385857,70.5,7857262,53.3
"July 17, 2021",177,2369,0.4,548217,3720.8,28173,5.1,9294,1.7,14805,1.00,16316030,3720.8,10401330,70.6,7973957,54.1
"July 18, 2021",130,2363,0.4,548347,3721.6,28179,5.1,9294,1.7,11567,1.00,16327597,3721.6,10411449,70.7,8054895,54.7
"July 19, 2021",127,2353,0.4,548474,3722.5,28190,5.1,9296,1.7,13586,0.9,16341183,3722.5,10427893,70.8,8170408,55.5
"July 20, 2021",135,2287,0.4,548609,3723.4,28200,5.1,9300,1.7,20750,0.8,16361933,3723.4,10444394,70.9,8292275,56.3
"July 21, 2021",185,2248,0.4,548794,3724.7,28210,5.1,9307,1.7,19599,0.9,16381532,3724.7,10461387,71,8398924,57
"July 22, 2021",192,2245,0.4,548986,3726,28211,5.1,9308,1.7,19757,0.9,16401289,3726,10477828,71.1,8500811,57.7
"July 23, 2021",170,2185,0.4,549156,3727.1,28221,5.1,9311,1.7,19131,0.80,16420420,3727.1,10495705,71.2,8607813,58.4
"July 24, 2021",172,2141,0.4,549328,3728.3,28233,5.1,9313,1.7,13902,1.10,16434322,3728.3,10510107,71.3,8695512,59
"July 25, 2021",119,2165,0.4,549447,3729.1,28239,5.1,9316,1.7,11930,1.00,16446252,3729.1,10519709,71.4,8751661,59.4
"July 26, 2021",129,2162,0.4,549576,3730,28248,5.1,9321,1.7,13644,1.0,16459896,3730,10534418,71.5,8827409,59.9
"July 27, 2021",158,2157,0.4,549734,3731.1,28257,5.1,9325,1.7,20527,0.8,16480423,3731.1,10550256,71.6,8903605,60.4
"July 28, 2021",218,2165,0.4,549952,3732.5,28259,5.1,9328,1.7,19425,1.3,16499848,3732.5,10566336,71.7,8975001,60.9
"July 29, 2021",226,2178,0.4,550178,3734.1,28273,5.1,9339,1.7,20993,1.1,16520841,3734.1,10581799,71.8,9041724,61.4
"July 30, 2021",258,2195,0.4,550436,3735.8,28283,5.1,9345,1.7,19112,1.2,16539953,3735.8,10596889,71.9,9108639,61.8
"July 31, 2021",218,2291,0.4,550654,3737.3,28292,5.1,9347,1.7,14122,1.4,16554075,3737.3,10607748,72,9158251,62.2
"August 1, 2021",168,2374,0.4,550822,3738.4,28299,5.1,9348,1.7,11658,1.3,16565733,3738.4,10614777,72,9192658,62.4
"August 2, 2021",164,2426,0.4,550986,3739.6,28307,5.1,9349,1.7,11515,1.1,16577248,3739.6,10620206,72.1,9218943,62.6
"August 3, 2021",139,2460,0.4,551125,3740.5,28319,5.1,9360,1.7,17115,1.2,16594363,3740.5,10632038,72.2,9266799,62.9
"August 4, 2021",213,2478,0.4,551338,3741.9,28328,5.1,9374,1.7,23494,1.2,16617857,3741.9,10644103,72.2,9312730,63.2
"August 5, 2021",340,2489,0.5,551678,3744.2,28345,5.1,9392,1.7,23448,1.4,16641305,3744.2,10655444,72.3,9355722,63.5
"August 6, 2021",378,2532,0.5,552056,3746.8,28359,5.1,9401,1.7,20858,1.8,16662163,3746.8,10667107,72.4,9404970,63.8
"August 7, 2021",423,2626,0.5,552479,3749.7,28363,5.1,9407,1.7,14963,2.0,16677126,3749.7,10675951,72.5,9443362,64.1
"August 8, 2021",325,2792,0.5,552804,3751.9,28372,5.1,9407,1.7,15805,2.3,16692931,3751.9,10681598,72.5,9467713,64.3
"August 9, 2021",321,3068,0.6,553125,3754.1,28391,5.1,9409,1.7,16479,1.7,16709410,3754.1,10691665,72.6,9505346,64.5
"August 10, 2021",324,3249,0.6,553449,3756.3,28406,5.1,9412,1.7,24772,1.7,16734182,3756.3,10701948,72.6,9542289,64.8
"August 11, 2021",513,3463,0.6,553962,3759.7,28417,5.1,9412,1.7,22896,2.1,16757078,3759.7,10712721,72.7,9579346,65
"August 12, 2021",510,3670,0.7,554472,3763.2,28435,5.1,9416,1.7,23586,2.0,16780664,3763.2,10724045,72.8,9616254,65.3
"August 13, 2021",578,3892,0.7,555050,3767.1,28456,5.1,9418,1.7,23468,2.4,16804132,3767.1,10735781,72.9,9654379,65.5
"August 14, 2021",511,4190,0.8,555561,3770.6,28475,5.1,9418,1.7,19192,2.6,16823324,3770.6,10745250,72.9,9685460,65.7
"August 15, 2021",526,4471,0.8,556087,3774.2,28479,5.1,9418,1.7,15784,2.7,16839108,3774.2,10751209,73,9705497,65.9
"August 16, 2021",348,4775,0.9,556435,3776.5,28498,5.1,9428,1.7,17408,2.6,16856516,3776.5,10761887,73,9733934,66.1
"August 17, 2021",485,5085,0.9,556920,3779.8,28523,5.1,9431,1.7,26307,2.5,16882823,3779.8,10773488,73.1,9762965,66.3
"August 18, 2021",531,5380,1,557451,3783.4,28543,5.1,9448,1.7,26213,2.4,16909036,3783.4,10789657,73.2,9791436,66.5
"August 19, 2021",650,5668,1,558101,3787.8,28572,5.1,9450,1.7,28635,2.4,16937671,3787.8,10805611,73.3,9820533,66.7
"August 20, 2021",689,5947,1.1,558790,3792.5,28597,5.1,9451,1.7,26096,2.7,16963767,3792.5,10820471,73.4,9852387,66.9
"August 21, 2021",722,6346,1.1,559512,3797.4,28623,5.1,9453,1.7,23075,3.2,16986842,3797.4,10831011,73.5,9875111,67
"August 22, 2021",639,6706,1.2,560151,3801.8,28644,5.1,9453,1.7,19866,2.8,17006708,3801.8,10837867,73.6,9890853,67.1
"August 23, 2021",486,6972,1.2,560637,3805.1,28717,5.1,9471,1.7,17369,3.0,17024077,3805.1,10850930,73.6,9914034,67.3
"August 24, 2021",660,7346,1.3,561297,3809.5,28788,5.1,9472,1.7,26406,2.4,17050483,3809.5,10865012,73.7,9939699,67.5
"August 25, 2021",678,7456,1.3,561975,3814.1,28820,5.1,9472,1.7,27815,2.8,17078298,3814.1,10878272,73.8,9964004,67.6
"August 26, 2021",781,7632,1.4,562756,3819.4,28861,5.1,9489,1.7,30063,3.0,17108361,3819.4,10890838,73.9,9987026,67.8
"August 27, 2021",835,7885,1.4,563591,3825.1,28900,5.1,9496,1.7,28528,2.6,17136889,3825.1,10903975,74,10011832,68
"August 28, 2021",740,8163,1.4,564331,3830.1,28920,5.1,9498,1.7,22890,3.3,17159779,3830.1,10913976,74.1,10031155,68.1
"August 29, 2021",694,8508,1.5,565025,3834.8,28936,5.1,9498,1.7,18561,3.6,17178340,3834.8,10919989,74.1,10042721,68.2
"August 30, 2021",525,8720,1.5,565550,3838.4,28961,5.1,9503,1.7,19643,3.1,17197983,3838.4,10931653,74.2,10061821,68.3
"August 31, 2021",656,8915,1.6,566206,3842.8,29001,5.1,9516,1.7,27572,2.9,17225555,3842.8,10944329,74.3,10083019,68.4
"September 1, 2021",865,9043,1.6,567071,3848.7,29042,5.1,9530,1.7,27293,3.0,17252848,3848.7,10959702,74.4,10102091,68.6
"September 2, 2021",807,9219,1.6,567878,3854.2,29080,5.1,9536,1.7,28786,3.2,17281634,3854.2,10980505,74.5,10123980,68.7
"September 3, 2021",944,9511,1.7,568822,3860.6,29124,5.1,9545,1.7,26259,3.5,17307893,3860.6,11000873,74.7,10148199,68.9
"September 4, 2021",811,9670,1.7,569633,3866.1,29160,5.1,9548,1.7,22410,0.0,17330303,3866.1,11014899,74.8,10166229,69
"September 5, 2021",581,9833,1.7,570214,3870.1,29182,5.1,9550,1.7,19200,3.6,17349503,3870.1,11024250,74.8,10177931,69.1
"September 6, 2021",564,9977,1.7,570778,3873.9,29202,5.1,9553,1.7,17118,3.4,17366621,3873.9,11030703,74.9,10185531,69.1
"September 7, 2021",554,9948,1.7,571332,3877.6,29245,5.1,9569,1.7,21840,3.3,17388461,3877.6,11047564,75,10205915,69.3
"September 8, 2021",798,10084,1.8,572130,3883.1,29298,5.1,9579,1.7,29684,3.1,17418145,3883.1,11064353,75.1,10225051,69.4
"September 9, 2021",848,10094,1.8,572978,3888.8,29330,5.1,9590,1.7,28247,3.1,17446392,3888.8,11079630,75.2,10243518,69.5
"September 10, 2021",857,10137,1.8,573835,3894.6,29361,5.1,9605,1.7,26268,3.5,17472660,3894.6,11095311,75.3,10266368,69.7
"September 11, 2021",784,10191,1.8,574619,3899.9,29380,5.1,9611,1.7,23625,3.2,17496285,3899.9,11106636,75.4,10283757,69.8
"September 12, 2021",600,10143,1.8,575219,3904,29401,5.1,9617,1.7,19125,3.1,17515410,3904,11112890,75.4,10292671,69.9
"September 13, 2021",577,10227,1.8,575796,3907.9,29428,5.1,9624,1.7,21133,2.3,17536543,3907.9,11124230,75.5,10307523,70
"September 14, 2021",593,10224,1.8,576389,3912,29470,5.1,9629,1.7,33220,2.5,17569763,3912,11137998,75.6,10326511,70.1
"September 15, 2021",864,10230,1.8,577253,3917.8,29510,5.1,9632,1.7,34365,2.4,17604128,3917.8,11151737,75.7,10345301,70.2
"September 16, 2021",795,10144,1.8,578048,3923.2,29540,5.1,9637,1.7,33763,2.4,17637891,3923.2,11165131,75.8,10364163,70.3
"September 17, 2021",821,10168,1.8,578869,3928.8,29561,5.1,9647,1.7,30716,2.5,17668607,3928.8,11178991,75.9,10387090,70.5
"September 18, 2021",715,10117,1.7,579584,3933.6,29576,5.1,9653,1.7,29906,2.3,17698513,3933.6,11189659,75.9,10405720,70.6
"September 19, 2021",610,10080,1.7,580194,3937.8,29589,5.1,9655,1.7,23864,2.7,17722377,3937.8,11195651,76,10415715,70.7
"September 20, 2021",574,9988,1.7,580768,3941.7,29620,5.1,9663,1.7,23631,2.4,17746008,3941.7,11206699,76.1,10432360,70.8
"September 21, 2021",463,9983,1.7,581231,3944.8,29662,5.1,9670,1.7,39092,1.8,17785100,3944.8,11221384,76.2,10454906,71
"September 22, 2021",677,9909,1.7,581908,3949.4,29691,5.1,9677,1.7,37630,1.9,17822730,3949.4,11237383,76.3,10480490,71.1
"September 23, 2021",727,9974,1.7,582635,3954.4,29727,5.1,9688,1.7,36855,1.8,17859585,3954.4,11252841,76.4,10506637,71.3
"September 24, 2021",640,7346,1.3,583275,3958.7,29768,5.1,9698,1.7,33303,1.9,17892888,3958.7,11267985,76.5,10536088,71.5
"September 25, 2021",653,7456,1.3,583928,3963.1,29768,5.1,9704,1.7,31063,2.0,17923951,3963.1,11280282,76.6,10560086,71.7
"September 26, 2021",613,9597,1.6,584541,3967.3,29798,5.1,9704,1.7,22633,2.0,17946584,3967.3,11286731,76.6,10572177,71.8
"September 27, 2021",466,9397,1.6,585007,3970.5,29832,5.1,9715,1.7,23785,2.1,17970369,3970.5,11297855,76.7,10589606,71.9
"September 28, 2021",495,9302,1.6,585502,3973.8,29860,5.1,9723,1.7,36404,1.7,18006773,3973.8,11310172,76.8,10610875,72
"September 29, 2021",647,9171,1.6,586149,3978.2,29880,5.1,9732,1.7,38788,1.7,18045561,3978.2,11321676,76.8,10631853,72.2
"September 30, 2021",668,9137,1.6,586817,3982.7,29917,5.1,9743,1.7,35927,1.8,18081488,3982.7,11331329,76.9,10649811,72.3
"October 1, 2021",704,8908,1.5,587521,3987.5,29941,5.1,9750,1.7,28519,1.8,18110007,3987.5,11342356,77,10673028,72.4
"October 2, 2021",580,8787,1.5,588101,3991.5,29963,5.1,9752,1.7,32220,2.0,18142227,3991.5,11350443,77,10691055,72.6
"October 3, 2021",511,8608,1.5,588612,3994.9,29980,5.1,9754,1.7,23667,2.0,18165894,3994.9,11355106,77.1,10700729,72.6
"October 4, 2021",429,8455,1.4,589041,3997.8,30001,5.1,9757,1.7,25441,1.8,18191335,3997.8,11363582,77.1,10716162,72.7
"October 5, 2021",476,8344,1.4,589517,4001.1,30032,5.1,9771,1.7,39460,1.7,18230795,4001.1,11373120,77.2,10734202,72.9
"October 6, 2021",587,8328,1.4,590104,4005,30052,5.1,9776,1.7,37057,1.7,18267852,4005,11382348,77.3,10750936,73
"October 7, 2021",573,8131,1.4,590677,4008.9,30086,5.1,9786,1.7,37118,1.8,18304970,4008.9,11392967,77.3,10769338,73.1
"October 8, 2021",654,8146,1.4,591331,4013.4,30112,5.1,9788,1.7,31123,1.8,18336093,4013.4,11403519,77.4,10789864,73.2
"October 9, 2021",535,7978,1.3,591886,4017.1,30130,5.1,9790,1.7,29755,1.8,18365848,4017.1,11411090,77.4,10804607,73.3
"October 10, 2021",458,7992,1.3,592324,4020.1,30147,5.1,9792,1.7,20785,1.9,18386633,4020.1,11414819,77.5,10812260,73.4
"October 11, 2021",390,7907,1.3,592714,4022.8,30165,5.1,9792,1.7,18280,1.9,18404913,4022.8,11416323,77.5,10815219,73.4
"October 12, 2021",306,7784,1.3,593020,4024.8,30194,5.1,9804,1.7,23219,1.7,18428132,4024.8,11425392,77.5,10832942,73.5
"October 13, 2021",417,7694,1.3,593437,4027.7,30226,5.1,9807,1.7,35421,1.5,18463553,4027.7,11434162,77.6,10850320,73.6
"October 14, 2021",496,7569,1.3,593933,4031,30269,5.1,9809,1.7,35905,1.4,18499458,4031,11442866,77.7,10868159,73.8
"October 15, 2021",486,7341,1.2,594419,4034.3,30295,5.1,9814,1.7,32626,1.7,18532084,4034.3,11451685,77.7,10887779,73.9
"October 16, 2021",443,7077,1.2,594862,4037.3,30310,5.1,9813,1.6,27395,1.4,18559479,4037.3,11458829,77.8,10902901,74
"October 17, 2021",373,7029,1.2,595235,4039.9,30328,5.1,9815,1.6,20432,1.8,18579911,4039.9,11462512,77.8,10910907,74.1
"October 18, 2021",328,6911,1.2,595563,4042.1,30344,5.1,9819,1.6,20792,1.5,18600703,4042.1,11468955,77.8,10923216,74.1
"October 19, 2021",304,6742,1.1,595867,4044.2,30362,5.1,9823,1.6,31569,1.3,18632272,4044.2,11476376,77.9,10937854,74.2
"October 20, 2021",413,6589,1.1,596280,4047,30389,5.1,9827,1.6,31889,1.6,18664161,4047,11482920,77.9,10950569,74.3
"October 21, 2021",492,6485,1.1,596772,4050.3,30422,5.1,9839,1.6,28906,1.4,18693067,4050.3,11490065,78,10965319,74.4
"October 22, 2021",373,6227,1,597145,4052.8,30445,5.1,9845,1.6,27302,1.5,18720369,4052.8,11497548,78,10982082,74.5
"October 23, 2021",370,6117,1,597515,4055.3,30453,5.1,9846,1.6,25328,1.2,18745697,4055.3,11503198,78.1,10994376,74.6
"October 24, 2021",326,5872,1,597841,4057.6,30468,5.1,9846,1.6,18397,1.6,18764094,4057.6,11505864,78.1,11000710,74.7
"October 25, 2021",269,5716,1,598110,4059.4,30486,5.1,9852,1.6,21827,1.5,18785921,4059.4,11511112,78.1,11011452,74.7
"October 26, 2021",321,5539,0.9,598431,4061.6,30499,5.1,9862,1.6,30776,1.4,18816697,4061.6,11517051,78.2,11024294,74.8
"October 27, 2021",409,5418,0.9,598840,4064.3,30518,5.1,9865,1.6,31383,1.3,18848080,4064.3,11522732,78.2,11036636,74.9
"October 28, 2021",419,5364,0.9,599259,4067.2,30538,5.1,9865,1.6,29592,1.3,18877672,4067.2,11528299,78.2,11049351,75
"October 29, 2021",356,5322,0.9,599615,4069.6,30560,5.1,9869,1.6,26767,1.4,18904439,4069.6,11534203,78.3,11063658,75.1
"October 30, 2021",340,5412,0.9,599955,4071.9,30571,5.1,9871,1.6,25707,1.7,18930146,4071.9,11538680,78.3,11074023,75.2
"October 31, 2021",422,5229,0.9,600377,4074.8,30578,5.1,9874,1.6,19840,1.8,18949986,4074.8,11540696,78.3,11078953,75.2
"November 1, 2021",331,5087,0.8,600708,4077,30608,5.1,9881,1.6,20148,1.5,18970134,4077,11544915,78.4,11086461,75.2
"November 2, 2021",378,5134,0.9,601086,4079.6,30640,5.1,9886,1.6,32950,1.4,19003084,4079.6,11549782,78.4,11095806,75.3
"November 3, 2021",438,5103,0.8,601524,4082.6,30659,5.1,9891,1.6,32129,1.7,19035213,4082.6,11554483,78.4,11105534,75.4
"November 4, 2021",563,5128,0.9,602087,4086.4,30685,5.1,9896,1.6,30187,1.8,19065400,4086.4,11558739,78.4,11114826,75.4
"November 5, 2021",508,5182,0.9,602595,4089.8,30699,5.1,9896,1.6,30145,1.9,19095545,4089.8,11563778,78.5,11126692,75.5
"November 6, 2021",636,5260,0.9,603231,4094.1,30718,5.1,9898,1.6,27146,2.0,19122691,4094.1,11567670,78.5,11135369,75.6
"November 7, 2021",480,5376,0.9,603711,4097.4,30730,5.1,9900,1.6,22980,2.2,19145671,4097.4,11569687,78.5,11139973,75.6
"November 8, 2021",441,5565,0.9,604152,4100.4,30756,5.1,9903,1.6,19368,3.1,19165039,4100.4,11573386,78.5,11147323,75.7
"November 9, 2021",454,5786,1,604606,4103.5,30784,5.1,9912,1.6,33364,1.8,19198403,4103.5,11577749,78.6,11155969,75.7
"November 10, 2021",642,6034,1,605248,4107.8,30809,5.1,9916,1.6,29814,2.1,19228217,4107.8,11581898,78.6,11164765,75.8
"November 11, 2021",598,6133,1,605846,4111.9,30840,5.1,9921,1.6,30230,2.5,19258447,4111.9,11585909,78.6,11172700,75.8
"November 12, 2021",661,6375,1.1,606507,4116.4,30867,5.1,9927,1.6,26456,2.4,19284903,4116.4,11590862,78.7,11183827,75.9
"November 13, 2021",666,6508,1.1,607173,4120.9,30889,5.1,9934,1.6,24853,2.7,19309756,4120.9,11594649,78.7,11192216,76
"November 14, 2021",552,6794,1.1,607725,4124.6,30908,5.1,9937,1.6,21475,2.2,19331231,4124.6,11596774,78.7,11196572,76
"November 15, 2021",481,7086,1.2,608206,4127.9,30944,5.1,9938,1.6,18965,2.5,19350196,4127.9,11600566,78.7,11203777,76
"November 16, 2021",512,7261,1.2,608718,4131.4,30969,5.1,9950,1.6,28931,2.5,19379127,4131.4,11604511,78.8,11211290,76.1
"November 17, 2021",711,7421,1.2,609429,4136.2,30997,5.1,9955,1.6,34347,2,19413474,4136.2,11608262,78.8,11218542,76.1
"November 18, 2021",793,7589,1.2,610222,4141.6,31025,5.1,9959,1.6,30515,2.6,19443989,4141.6,11612020,78.8,11226032,76.2
"November 19, 2021",728,7837,1.3,610950,4146.5,31067,5.1,9964,1.6,30138,2.3,19474127,4146.5,11616300,78.8,11234632,76.2
"November 20, 2021",741,8020,1.3,611691,4151.6,31087,5.1,9967,1.6,29799,2.6,19503926,4151.6,11619644,78.9,11241390,76.3
"November 21, 2021",627,8300,1.4,612318,4155.8,31102,5.1,9968,1.6,19552,3.4,19523478,4155.8,11621523,78.9,11245142,76.3
"November 22, 2021",613,8366,1.4,612931,4160,31130,5.1,9974,1.6,19859,3.1,19543337,4160,11624689,78.9,11250874,76.4
"November 23, 2021",591,8561,1.4,613522,4164,31166,5.1,9981,1.6,30092,2.5,19573429,4164,11628347,78.9,11257384,76.4
"November 24, 2021",748,8668,1.4,614270,4169.1,31200,5.1,9985,1.6,33932,2.6,19607361,4169.1,11632173,78.9,11263653,76.4
"November 25, 2021",927,8827,1.4,615197,4175.4,31223,5.1,9991,1.6,33901,3.0,19641262,4175.4,11643442,79,11269986,76.5
"November 26, 2021",854,8987,1.5,616051,4181.1,31253,5.1,9993,1.6,31444,3.0,19672706,4181.1,11665673,79.2,11276750,76.5
"November 27, 2021",964,9139,1.5,617015,4187.7,31270,5.1,9994,1.6,29692,3.2,19702398,4187.7,11693306,79.4,11281840,76.6
"November 28, 2021",788,9431,1.5,617803,4193,31288,5.1,9997,1.6,26016,3.5,19728414,4193,11712165,79.5,11284559,76.6
"November 29, 2021",687,9699,1.6,618490,4197.7,31321,5.1,10000,1.6,21476,3.0,19749890,4197.7,11732729,79.6,11289403,76.6
"November 30, 2021",780,9987,1.6,619270,4203,31360,5.1,10005,1.6,35364,3.1,19785254,4203,11758849,79.8,11294737,76.7
"December 1, 2021",959,10211,1.6,620229,4209.5,31395,5.1,10012,1.6,38480,2.9,19823734,4209.5,11785206,80,11299505,76.7
"December 2, 2021",1031,10386,1.7,621260,4216.5,31427,5.1,10016,1.6,39748,2.9,19863482,4216.5,11810127,80.2,11304406,76.7
"December 3, 2021",1053,10654,1.7,622313,4223.6,31449,5.1,10024,1.6,36268,3.5,19899750,4223.6,11837801,80.3,11310207,76.8
"December 4, 2021",1184,10982,1.8,623497,4231.7,31467,5,10024,1.6,31735,3.2,19931485,4231.7,11869627,80.6,11314437,76.8
"December 5, 2021",887,11257,1.8,624384,4237.7,31492,5,10027,1.6,25981,3.5,19957466,4237.7,11888695,80.7,11317017,76.8
"December 6, 2021",928,11734,1.9,625312,4244,31512,5,10036,1.6,26136,3.8,19983602,4244,11903441,80.8,11321230,76.8
"December 7, 2021",1009,11964,1.9,626321,4250.9,31551,5,10044,1.6,38502,3.3,20022104,4250.9,11922406,80.9,11325656,76.9
"December 8, 2021",1290,12206,1.9,627611,4259.6,31575,5,10054,1.6,40242,3.5,20062346,4259.6,11940557,81,11329769,76.9
"December 9, 2021",1453,12655,2,629064,4269.5,31600,5,10065,1.6,39941,4.4,20102287,4269.5,11958077,81.2,11334153,76.9
"December 10, 2021",1607,13056,2.1,630671,4280.4,31635,5,10070,1.6,42205,4.6,20144492,4280.4,11978377,81.3,11339680,77
"December 11, 2021",1476,13645,2.2,632147,4290.4,31670,5,10078,1.6,38477,5.4,20182969,4290.4,12001007,81.5,11343640,77
"December 12, 2021",1536,14206,2.2,633683,4300.8,31689,5,10079,1.6,38331,5.5,20221300,4300.8,12012545,81.5,11345907,77
"December 13, 2021",1429,14820,2.3,635112,4310.5,31729,5,10084,1.6,33400,6.6,20254700,4310.5,12021491,81.6,11349511,77
"December 14, 2021",1808,15529,2.4,636920,4322.8,31761,5,10093,1.6,44726,6.0,20299426,4322.8,12033842,81.7,11353732,77.1
"December 15, 2021",2421,16251,2.5,639341,4339.2,31794,5,10102,1.6,54724,7.0,20354150,4339.2,12046222,81.8,11357702,77.1
"December 16, 2021",3124,17081,2.7,642465,4360.4,31831,5,10107,1.6,51636,8.2,20405786,4360.4,12058597,81.8,11361938,77.1
"December 17, 2021",3301,18294,2.8,645766,4382.8,31860,4.9,10111,1.6,54407,8.9,20460193,4382.8,12072128,81.9,11366563,77.1
"December 18, 2021",4177,20298,3.1,649943,4411.2,31885,4.9,10113,1.6,51151,8.7,20511344,4411.2,12090285,82.1,11370244,77.2
"December 19, 2021",3784,22264,3.4,653727,4436.9,31905,4.9,10113,1.5,44123,9.7,20555467,4436.9,12100610,82.1,11372806,77.2
"December 20, 2021",3453,24926,3.8,657180,4460.3,31927,4.9,10123,1.5,49285,9.9,20604752,4460.3,12113591,82.2,11376789,77.2
"December 21, 2021",4383,27729,4.2,661563,4490,31983,4.8,10133,1.5,55381,10.7,20660133,4490,12128047,82.3,11381679,77.2
"December 22, 2021",5790,30557,4.6,667353,4529.3,32032,4.8,10140,1.5,68191,16.0,20728324,4529.3,12139865,82.4,11386443,77.3
"December 23, 2021",9571,33730,5,676924,4594.3,32083,4.7,10146,1.5,72639,18.7,20800963,4594.3,12149369,82.5,11390687,77.3
"December 24, 2021",10412,37822,5.5,687336,4665,32126,4.7,10149,1.5,66489,19.2,20867452,4665,12153302,82.5,11393010,77.3
"December 25, 2021",9826,44341,6.4,697162,4731.7,32144,4.6,10156,1.5,56695,21.9,20924147,4731.7,12153687,82.5,11393249,77.3
"December 26, 2021",9418,53614,7.6,706580,4795.6,32179,4.6,10161,1.4,48479,24.5,20972626,4795.6,12155230,82.5,11394228,77.3
"December 27, 2021",8825,62574,8.7,715405,4855.5,32201,4.5,10168,1.4,53311,24.9,21025937,4855.5,12161452,82.5,11397917,77.4
"December 28, 2021",10436,69828,9.6,725841,4926.3,32245,4.4,10171,1.4,59259,26.9,21085196,4926.3,12170979,82.6,11402188,77.4
"December 29, 2021",13807,77623,10.5,739648,5020,32308,4.4,10179,1.4,67301,30.5,21152497,5020,12181320,82.7,11407256,77.4
"December 30, 2021",16713,85846,11.3,756361,5133.4,32408,4.3,10194,1.3,75093,29.8,21227590,5133.4,12191609,82.7,11412809,77.5
"December 31, 2021",18445,96014,12.4,774806,5258.6,32493,4.2,10206,1.3,69768,34.3,21297358,5258.6,12197099,82.8,11416546,77.5
"January 1, 2022",16714,109529,13.8,791520,5372.1,32559,4.1,10223,1.3,62002,32.4,21359360,5372.1,12198047,82.8,11417406,77.5
"January 2, 2022",13578,122943,15.3,805098,5464.2,32622,4.1,10229,1.3,54346,31.9,21413706,5464.2,12202894,82.8,11421905,77.5
"January 3, 2022",11352,137515,16.8,816450,5541.3,32714,4,10239,1.3,49737,30.9,21463443,5541.3,12209004,82.9,11427007,77.6
"January 4, 2022",11582,148416,17.9,828032,5619.9,32862,4,10252,1.2,59137,28.1,21522580,5619.9,12216795,82.9,11434052,77.6
"January 5, 2022",13339,157161,18.7,841371,5710.4,33044,3.9,10272,1.2,59241,29.2,21581821,5710.4,12224229,83,11440613,77.6
"January 6, 2022",11899,164211,19.2,853270,5791.2,33240,3.9,10315,1.2,61137,26.6,21642958,5791.2,12232480,83,11447332,77.7
"January 7, 2022",13362,171238,19.8,866632,5881.8,33434,3.9,10345,1.2,55700,30.6,21698658,5881.8,12241422,83.1,11453720,77.7
"January 8, 2022",11959,175928,20,878591,5963,33622,3.8,10366,1.2,49442,27.7,21748100,5963,12251512,83.2,11460684,77.8
"January 9, 2022",9706,178160,20.1,888297,6028.9,33800,3.8,10378,1.2,40692,26.7,21788792,6028.9,12256914,83.2,11465019,77.8
"January 10, 2022",7951,179734,20.1,896248,6082.9,33927,3.8,10399,1.2,45451,24.4,21834243,6082.9,12263375,83.2,11471294,77.9
"January 11, 2022",9783,181731,20.1,906031,6149.2,34114,3.8,10445,1.2,56420,20.3,21890663,6149.2,12271941,83.3,11479040,77.9
"January 12, 2022",9909,181135,19.8,915940,6216.5,34361,3.8,10480,1.1,58831,21.4,21949494,6216.5,12281612,83.4,11488042,78
"January 13, 2022",10964,180919,19.5,926904,6290.9,34636,3.7,10522,1.1,58031,21.8,22007525,6290.9,12292970,83.4,11498152,78
"January 14, 2022",10732,178629,19.1,937636,6363.8,34841,3.7,10565,1.1,56318,24.8,22063843,6363.8,12304489,83.5,11509613,78.1
"January 15, 2022",10450,173059,18.3,948086,6434.7,35062,3.7,10605,1.1,52676,22.7,22116519,6434.7,12314173,83.6,11519123,78.2
"January 16, 2022",8521,166494,17.4,956607,6492.5,35216,3.7,10628,1.1,37059,24.2,22153578,6492.5,12320423,83.6,11525569,78.2
"January 17, 2022",7086,158219,16.4,963693,6540.6,35419,3.7,10666,1.1,31355,24.5,22184933,6540.6,12322495,83.6,11527538,78.2
"January 18, 2022",5744,152858,15.8,969437,6579.6,35711,3.7,10726,1.1,34579,22.0,22219512,6579.6,12328502,83.7,11534018,78.3
"January 19, 2022",7757,148014,15.1,977194,6632.2,36073,3.7,10801,1.1,42907,15.9,22262419,6632.2,12335369,83.7,11540795,78.3
"January 20, 2022",7165,143320,14.6,984359,6680.9,36406,3.7,10865,1.1,41538,17.7,22303957,6680.9,12342055,83.8,11548584,78.4
"January 21, 2022",6473,137661,13.9,990832,6724.8,36749,3.7,10912,1.1,36396,15.9,22340353,6724.8,12351288,83.8,11560430,78.5
"January 22, 2022",5833,131721,13.2,996665,6764.4,37020,3.7,10968,1.1,32247,18.2,22372600,6764.4,12359028,83.9,11574243,78.6
"January 23, 2022",4790,125380,12.5,1001455,6796.9,37173,3.7,11004,1.1,20716,18.4,22393316,6796.9,12362569,83.9,11582063,78.6
"January 24, 2022",3424,118003,11.7,1004879,6820.1,37433,3.7,11068,1.1,20081,18.8,22413397,6820.1,12366692,83.9,11590268,78.7
"January 25, 2022",5368,112795,11.2,1010247,6856.6,37717,3.7,11160,1.1,33687,14.1,22447084,6856.6,12372006,84,11603228,78.8
"January 26, 2022",5852,107728,10.6,1016099,6896.3,38026,3.7,11230,1.1,33560,14.1,22480644,6896.3,12377438,84,11616234,78.8
"January 27, 2022",5337,103197,10.1,1021436,6932.5,38364,3.8,11298,1.1,32672,14.4,22513316,6932.5,12382527,84,11629691,78.9
"January 28, 2022",4855,98309,9.6,1026291,6965.5,38624,3.8,11354,1.1,29241,13.9,22542557,6965.5,12388632,84.1,11647109,79
"January 29, 2022",3960,92811,9,1030251,6992.3,38814,3.8,11412,1.1,23638,13.5,22566195,6992.3,12394134,84.1,11667465,79.2
"January 30, 2022",3043,87384,8.5,1033294,7013,38954,3.8,11444,1.1,15008,14.7,22581203,7013,12396636,84.1,11677203,79.3
"January 31, 2022",2622,80828,7.8,1035916,7030.8,39125,3.8,11504,1.1,16380,16.2,22597583,7030.8,-,-,-,-
"February 1, 2022",3909,74830,7.2,1039825,7057.3,39329,3.8,11576,1.1,27720,13.4,22625303,7057.3,-,-,-,-
"February 2, 2022",4098,70392,6.7,1043923,7085.1,39549,3.8,11651,1.1,28493,13.2,22653796,7085.1,-,-,-,-
"February 3, 2022",4047,67222,6.4,1047970,7112.6,39720,3.8,11711,1.1,25118,12.0,22678914,7112.6,-,-,-,-
